,Name,Purpose
0,"Mann, Young and Jordan",Sharable reciprocal artificial intelligence for enhance 24/7 experiences
1,Potter-Jenkins,Persevering 3rdgeneration solution for generate proactive architectures
2,"Pena, Johnson and Charles",Balanced user-facing capacity for cultivate web-enabled supply-chains
3,Howard-Jones,Organic impactful model for visualize impactful methodologies
4,Allison LLC,Re-engineered user-facing infrastructure for integrate distributed interfaces
5,"Hobbs, Nguyen and Reese",Virtual maximized encoding for target cutting-edge supply-chains
6,Clarke LLC,Extended optimizing database for whiteboard strategic info-mediaries
7,Sanchez LLC,Business-focused mission-critical algorithm for enable B2C e-commerce
8,"Scott, Smith and Baker",Optimized full-range adapter for extend strategic solutions
9,Ali-Scott,Phased uniform productivity for visualize impactful e-commerce
10,Taylor Group,Universal zero administration paradigm for transform real-time experiences
11,Williams LLC,Right-sized even-keeled adapter for incentivize web-enabled functionalities
12,Taylor PLC,Robust intermediate intranet for synergize distributed partnerships
13,"Martin, Diaz and Parks",Secured mobile middleware for envisioneer sticky eyeballs
14,Burke-Ayers,Future-proofed bi-directional software for expedite seamless e-tailers
15,Rose-Nielsen,Optional bi-directional challenge for leverage granular web-readiness
16,Arroyo PLC,Balanced multimedia encryption for embrace open-source synergies
17,"Young, Simmons and James",Right-sized tangible functionalities for drive intuitive channels
18,Banks Group,Organized background instruction set for unleash cross-media systems
19,"Hunt, Gutierrez and Gonzalez",Quality-focused didactic pricing structure for revolutionize turn-key web-readiness
20,Henderson and Sons,Ergonomic next generation model for repurpose magnetic deliverables
21,Mcdonald and Sons,Intuitive bottom-line focus group for transition value-added users
22,Zamora Ltd,Innovative web-enabled data-warehouse for incubate ubiquitous mindshare
23,"Thomas, Campos and Munoz",Function-based exuding implementation for morph holistic mindshare
24,Vazquez Inc,Self-enabling scalable standardization for re-intermediate enterprise e-services
25,"Valdez, Jackson and Gomez",User-friendly needs-based archive for whiteboard 24/365 systems
26,Graves Group,Quality-focused 24/7 productivity for reinvent revolutionary vortals
27,Baker-Wyatt,Expanded composite Graphical User Interface for repurpose clicks-and-mortar platforms
28,"Montgomery, Sutton and Richard",Grass-roots interactive approach for productize compelling channels
29,Henry LLC,Integrated intermediate benchmark for empower cross-platform convergence
30,Black and Sons,Monitored user-facing moderator for innovate open-source web services
31,"Williams, Daniel and Weaver",Open-architected motivating interface for facilitate turn-key web-readiness
32,Willis Ltd,Self-enabling dedicated capability for revolutionize out-of-the-box technologies
33,Taylor-Green,Adaptive full-range secured line for iterate scalable web services
34,Davidson and Sons,Reduced heuristic interface for seize granular infrastructures
35,Harmon Inc,Up-sized value-added definition for e-enable integrated functionalities
36,"Collins, Rivera and Scott",Inverse zero-defect paradigm for generate mission-critical relationships
37,Thomas-Nichols,Vision-oriented grid-enabled open architecture for harness extensible interfaces
38,"Velasquez, Mccarthy and West",Operative leadingedge time-frame for re-contextualize 24/365 e-business
39,Brown-Johnson,Optional client-driven hierarchy for productize out-of-the-box networks
40,Gonzalez-Jones,Grass-roots 5thgeneration Internet solution for visualize seamless systems
41,"Flowers, Schultz and Anderson",Advanced high-level paradigm for synergize bleeding-edge functionalities
42,French-Garcia,Mandatory intangible pricing structure for engage next-generation e-business
43,Robertson Ltd,Triple-buffered transitional framework for aggregate ubiquitous initiatives
44,Reyes-Harris,Enterprise-wide fresh-thinking extranet for deliver web-enabled initiatives
45,Bender Group,Sharable systemic knowledge user for strategize world-class interfaces
46,"Christensen, Jones and Craig",User-friendly context-sensitive software for leverage next-generation models
47,"Garcia, Edwards and Webb",Future-proofed asymmetric architecture for synergize killer content
48,"Harrison, Norton and Nguyen",Front-line optimizing data-warehouse for productize bricks-and-clicks vortals
49,Cruz-Nelson,Fully-configurable heuristic flexibility for expedite e-business platforms
50,Patrick Group,Stand-alone high-level website for syndicate turn-key communities
51,Morales PLC,Programmable empowering info-mediaries for enhance best-of-breed paradigms
52,Berry and Sons,De-engineered 24hour neural-net for disintermediate distributed supply-chains
53,"Salazar, Elliott and Mclaughlin",Devolved systematic projection for expedite user-centric functionalities
54,Alexander LLC,Progressive zero administration standardization for facilitate enterprise deliverables
55,Mccarthy-Wilson,Progressive eco-centric help-desk for visualize out-of-the-box channels
56,Drake Inc,User-centric modular strategy for embrace frictionless infrastructures
57,Kim Group,Business-focused context-sensitive implementation for enable holistic interfaces
58,"Austin, Walton and Grant",Profound upward-trending protocol for envisioneer out-of-the-box platforms
59,Monroe-Smith,Vision-oriented background capacity for evolve plug-and-play deliverables
60,Bean-Moore,Persevering mobile circuit for engage viral vortals
61,Wood Ltd,Public-key client-driven protocol for productize plug-and-play info-mediaries
62,Wong Ltd,Cloned explicit throughput for enhance next-generation applications
63,"Powell, Fox and Love",Versatile 3rdgeneration matrices for monetize transparent platforms
64,Burke Inc,Quality-focused value-added collaboration for enable holistic infrastructures
65,Branch Ltd,Re-contextualized explicit neural-net for reinvent wireless web-readiness
66,Love LLC,Stand-alone local productivity for aggregate sticky supply-chains
67,Guerra-Porter,Fully-configurable client-driven help-desk for embrace global experiences
68,"Houston, Stewart and Simmons",Profound grid-enabled time-frame for e-enable B2C content
69,Terry and Sons,Configurable fault-tolerant Graphic Interface for incubate e-business systems
70,Evans-Williams,Programmable user-facing secured line for iterate leading-edge methodologies
71,Wagner-Chandler,Triple-buffered systemic archive for synthesize global ROI
72,Hall-Gray,Universal hybrid solution for facilitate compelling models
73,Valdez Inc,Digitized secondary Internet solution for seize holistic functionalities
74,Allen-Smith,Digitized responsive matrix for matrix best-of-breed schemas
75,"Cole, Garrett and Rodriguez",Intuitive zero-defect database for incubate impactful experiences
76,Nunez-Taylor,Robust zero-defect orchestration for drive back-end schemas
77,Gould LLC,Expanded bifurcated focus group for synergize killer models
78,Mendez Group,Multi-channeled homogeneous toolset for repurpose compelling web services
79,Villa-Gonzalez,Devolved object-oriented algorithm for utilize out-of-the-box web services
80,Davis Group,Public-key non-volatile portal for disintermediate impactful e-business
81,Davis LLC,Optional solution-oriented structure for enable clicks-and-mortar markets
82,"Duncan, Gross and Brown",Horizontal multi-tasking moderator for empower rich vortals
83,"Watson, Valenzuela and Brewer",Reverse-engineered reciprocal ability for utilize scalable e-business
84,Smith PLC,Extended 5thgeneration moratorium for optimize synergistic relationships
85,Rodriguez-Parks,Mandatory systemic access for productize rich infrastructures
86,Martinez-Smith,Upgradable tangible architecture for innovate impactful relationships
87,Soto-Ortiz,Persistent fresh-thinking analyzer for revolutionize bricks-and-clicks platforms
88,Stone-Johnston,Customer-focused 3rdgeneration benchmark for morph seamless deliverables
89,Garcia-Smith,Configurable static structure for disintermediate clicks-and-mortar relationships
90,"Dyer, Jones and Brewer",Customer-focused eco-centric Local Area Network for extend intuitive initiatives
91,Allen-Johnson,Re-contextualized full-range help-desk for expedite granular relationships
92,Jones LLC,Customer-focused incremental productivity for revolutionize front-end users
93,Williams-Thomas,Function-based client-server structure for innovate rich interfaces
94,Walker LLC,Team-oriented composite hub for incubate rich e-tailers
95,Lozano and Sons,Robust modular standardization for revolutionize customized content
96,Gonzalez Ltd,Persevering holistic time-frame for brand extensible markets
97,Cook-Le,User-friendly discrete standardization for optimize out-of-the-box e-services
98,Wright Ltd,Networked hybrid hardware for architect efficient systems
99,Cameron PLC,Configurable mission-critical initiative for revolutionize integrated infrastructures
100,"Russell, Ray and Jones",Customer-focused dedicated focus group for brand next-generation info-mediaries
101,Jackson Group,Cross-group explicit superstructure for embrace wireless e-services
102,Hale PLC,Expanded optimizing Graphical User Interface for leverage turn-key ROI
103,Sanchez-Taylor,Customizable analyzing toolset for exploit interactive portals
104,"Scott, Baker and Davidson",Inverse user-facing contingency for extend killer markets
105,Miller-Garcia,Digitized optimal instruction set for unleash customized initiatives
106,Cox-Jones,Managed non-volatile protocol for empower interactive e-tailers
107,"Brown, Lopez and Nicholson",Object-based bi-directional artificial intelligence for revolutionize B2B channels
108,"Burns, Patton and Elliott",Horizontal cohesive throughput for unleash one-to-one interfaces
109,Odonnell Group,Fully-configurable static website for deliver user-centric solutions
110,Gomez-Cobb,Automated foreground frame for engineer extensible applications
111,"Meadows, Stevens and Hardy",Innovative next generation array for expedite vertical experiences
112,Turner-Cameron,Focused uniform matrix for facilitate cross-media technologies
113,"Young, Ray and Harris",Future-proofed background circuit for redefine integrated solutions
114,Garcia LLC,Open-architected asymmetric capability for synergize strategic portals
115,"Park, Knapp and Hicks",Stand-alone logistical website for re-contextualize bleeding-edge e-services
116,Young-Fernandez,Balanced cohesive interface for deploy interactive ROI
117,Wilson-Smith,Cloned regional standardization for e-enable distributed schemas
118,"Davis, Romero and Martinez",Extended intermediate paradigm for engineer best-of-breed niches
119,Burnett PLC,Reduced encompassing conglomeration for morph interactive interfaces
120,Payne-Petersen,Sharable fault-tolerant paradigm for aggregate enterprise networks
121,"Henry, Proctor and Anderson",Ameliorated regional time-frame for productize transparent partnerships
122,Soto PLC,Multi-tiered value-added portal for cultivate intuitive convergence
123,"Daniels, Wood and Dixon",Function-based solution-oriented Graphic Interface for exploit integrated users
124,Lee Inc,Sharable contextually-based contingency for revolutionize holistic solutions
125,Weiss PLC,Seamless transitional knowledgebase for extend scalable relationships
126,"Stevens, Spencer and Foster",Extended 3rdgeneration encryption for extend sticky vortals
127,Underwood and Sons,Focused 3rdgeneration alliance for strategize front-end convergence
128,Campos-Mathis,Function-based contextually-based adapter for expedite back-end synergies
129,Blackburn Group,Devolved client-driven matrices for revolutionize intuitive models
130,"Tate, Ramsey and Gates",Seamless 6thgeneration moderator for aggregate distributed niches
131,Wright Inc,Integrated next generation toolset for incubate strategic solutions
132,"Tucker, Wilkerson and Smith",Quality-focused high-level infrastructure for integrate customized mindshare
133,Robinson PLC,Reverse-engineered motivating algorithm for embrace granular users
134,Jones-Levy,Upgradable 4thgeneration software for target bleeding-edge e-commerce
135,"Anderson, Merritt and Schneider",Diverse solution-oriented interface for empower e-business convergence
136,Lopez-Hawkins,grammable mission-critical algorithm for enable turn-key models
137,Hanson-Hernandez,Visionary well-modulated portal for implement proactive vortals
138,"Gregory, Horton and Phillips",Versatile contextually-based neural-net for syndicate killer info-mediaries
139,Miller-Clark,Enhanced interactive workforce for target next-generation users
140,icholson PLC,Future-proofed systematic process improvement for redefine one-to-one niches
141,"Barker, Richards and Carter",User-friendly zero-defect conglomeration for engineer value-added relationships
142,Deleon LLC,Networked radical throughput for disintermediate front-end action-items
143,l LLC,Function-based full-range hardware for exploit enterprise mindshare
144,Hudson Ltd,Self-enabling hybrid access for scale distributed metrics
145,Brown Group,Enterprise-wide encompassing projection for whiteboard bricks-and-clicks bandwidth
146,Taylor-Johnson,Versatile context-sensitive structure for reinvent granular markets
147,Wood-Miller,Horizontal didactic function for disintermediate compelling eyeballs
148,Levy-David,Extended interactive framework for engineer 24/7 action-items
149,Lewis and Sons,found exuding definition for drive e-business schemas
150,Hale Inc,Seamless 5thgeneration focus group for empower clicks-and-mortar schemas
151,Hobbs-Conrad,Stand-alone radical encoding for exploit impactful eyeballs
152,Miller and Sons,Managed global encoding for whiteboard seamless infrastructures
153,Neal-Dennis,Function-based well-modulated access for incubate web-enabled interfaces
154,Evans and Sons,Future-proofed executive collaboration for streamline frictionless supply-chains
155,Singleton-Murray,Ameliorated disintermediate customer loyalty for envisioneer bricks-and-clicks portals
156,"Davis, Henson and Chen",Profit-focused exuding moratorium for deliver next-generation partnerships
157,Glenn PLC,Monitored local intranet for architect front-end supply-chains
158,Williams-Levy,Cross-platform full-range array for mesh e-business functionalities
159,"Booker, Freeman and Wilson",Down-sized uniform info-mediaries for grow global info-mediaries
160,Washington LLC,Expanded analyzing instruction set for monetize holistic niches
161,Hopkins Inc,Quality-focused fault-tolerant intranet for grow distributed bandwidth
162,Frazier-Rodriguez,Reduced explicit throughput for redefine synergistic communities
163,"Hernandez, Oliver and Hoffman",Automated optimal standardization for enable viral metrics
164,"Harris, Mullen and Simon",Function-based 24hour flexibility for scale virtual metrics
165,Frederick-Bates,Team-oriented motivating task-force for brand customized content
166,"Smith, Rodriguez and Jacobson",Configurable context-sensitive interface for repurpose compelling markets
167,"Pollard, Anderson and Watson",Ameliorated transitional Local Area Network for generate dot-com e-commerce
168,"Bautista, Day and Petty",Front-line executive process improvement for facilitate bricks-and-clicks mindshare
169,Bradford-Hernandez,Grass-roots leadingedge task-force for drive ubiquitous e-tailers
170,Lynch Ltd,Persistent mission-critical Local Area Network for architect user-centric e-business
171,George-Gibson,Upgradable needs-based frame for iterate cross-platform e-tailers
172,Christian-Ortiz,Devolved mission-critical secured line for redefine cross-media technologies
173,Green and Sons,Persevering cohesive algorithm for enhance scalable ROI
174,"Johnson, Curtis and Lawrence",Ameliorated contextually-based support for target cross-media paradigms
175,Hoffman-Mejia,Re-contextualized optimizing secured line for seize cross-media functionalities
176,Cruz Ltd,Realigned exuding emulation for enable synergistic bandwidth
177,"Kelley, Miranda and Smith",Implemented bifurcated contingency for synergize front-end methodologies
178,Anderson Group,Optional zero tolerance paradigm for visualize clicks-and-mortar action-items
179,Murphy LLC,Self-enabling zero tolerance time-frame for cultivate web-enabled web services
180,Christian-Mooney,Synchronized composite policy for engineer impactful users
181,Mcdonald-Keller,Public-key 6thgeneration middleware for embrace killer action-items
182,"Mckay, Jackson and Allen",Visionary dynamic software for expedite web-enabled deliverables
183,Molina-Gonzalez,Decentralized national monitoring for empower web-enabled paradigms
184,"Figueroa, Green and Brown",Advanced uniform methodology for incentivize extensible paradigms
185,Reed-Mckinney,Realigned static solution for deliver cutting-edge e-services
186,Davis Ltd,Switchable bottom-line utilization for engage clicks-and-mortar users
187,Hamilton PLC,Balanced human-resource flexibility for grow enterprise platforms
188,Coleman-Steele,Persistent maximized projection for benchmark cutting-edge infrastructures
189,"Powell, Rodriguez and Lee",Universal user-facing conglomeration for seize revolutionary action-items
190,Gates-Taylor,Self-enabling methodical moderator for transform web-enabled initiatives
191,"Rowe, Pham and Gutierrez",Sharable solution-oriented algorithm for envisioneer B2C e-commerce
192,"Li, Payne and Williams",Up-sized even-keeled product for cultivate front-end communities
193,Klein and Sons,Devolved asymmetric definition for drive end-to-end supply-chains
194,"Cline, Jennings and Jackson",Configurable analyzing algorithm for re-intermediate robust systems
195,"Carter, Jackson and Stephens",Focused 3rdgeneration concept for enable transparent experiences
196,Hunt-Miles,Profound fresh-thinking flexibility for scale transparent functionalities
197,Harris-Johnson,Synergistic regional firmware for orchestrate visionary convergence
198,"Mccullough, Perez and Peterson",Optional global superstructure for revolutionize efficient paradigms
199,Dixon-Fitzpatrick,Intuitive responsive framework for drive killer models
