,Name,Purpose,Sentiment
0,Odonnell Group,Fully-configurable static website for deliver user-centric solutions,0.5
1,Zamora Ltd,Innovative web-enabled data-warehouse for incubate ubiquitous mindshare,0.5
2,Garcia-Smith,Configurable static structure for disintermediate clicks-and-mortar relationships,0.5
3,Reed-Mckinney,Realigned static solution for deliver cutting-edge e-services,0.5
4,"Flowers, Schultz and Anderson",Advanced high-level paradigm for synergize bleeding-edge functionalities,0.4
5,"Figueroa, Green and Brown",Advanced uniform methodology for incentivize extensible paradigms,0.4
6,Walker LLC,Team-oriented composite hub for incubate rich e-tailers,0.375
7,Williams-Thomas,Function-based client-server structure for innovate rich interfaces,0.375
8,Rodriguez-Parks,Mandatory systemic access for productize rich infrastructures,0.375
9,"Duncan, Gross and Brown",Horizontal multi-tasking moderator for empower rich vortals,0.375
10,,,
11,"Mann, Young and Jordan",Sharable reciprocal artificial intelligence for enhance 24/7 experiences,-0.6
12,"Brown, Lopez and Nicholson",Object-based bi-directional artificial intelligence for revolutionize B2B channels,-0.6
13,"Hunt, Gutierrez and Gonzalez",Quality-focused didactic pricing structure for revolutionize turn-key web-readiness,-0.5
14,Valdez Inc,Digitized secondary Internet solution for seize holistic functionalities,-0.3
15,Wood-Miller,Horizontal didactic function for disintermediate compelling eyeballs,-0.1
16,Lee Inc,Sharable contextually-based contingency for revolutionize holistic solutions,0.0
17,"Stevens, Spencer and Foster",Extended 3rdgeneration encryption for extend sticky vortals,0.0
18,Underwood and Sons,Focused 3rdgeneration alliance for strategize front-end convergence,0.0
19,Campos-Mathis,Function-based contextually-based adapter for expedite back-end synergies,0.0
20,Blackburn Group,Devolved client-driven matrices for revolutionize intuitive models,0.0
